{
  "total_size": 5,
  "type_id": 2,
  "offset": 0,
  "products": [
    {
      "id": 1,
      "name": "Paris",
      "description": "",
      "price": 12,
      "stars": 5,
      "img": "images/bestplaces/paris.jfif",
      "location": "usa",
      "created_at": "2021-12-27 06:35:34",
      "updated_at": "2022-01-01 08:56:22",
      "type_id": 2
    },
    {
      "id": 2,
      "name": "Rome",
      "description": "",
      "price": 12,
      "stars": 5,
      "img": "images/bestplaces/rome.jfif",
      "location": "usa",
      "created_at": "2021-12-27 06:35:34",
      "updated_at": "2022-01-01 08:56:22",
      "type_id": 2
    },
    {
      "id": 3,
      "name": "Switzerland",
      "description": "",
      "price": 12,
      "stars": 5,
      "img": "images/bestplaces/switzerland.jfif",
      "location": "europe",
      "created_at": "2021-12-27 06:35:34",
      "updated_at": "2022-01-01 08:56:22",
      "type_id": 2
    },
    {
      "id": 4,
      "name": "London",
      "description": "",
      "price": 12,
      "stars": 5,
      "img": "images/bestplaces/london.jfif",
      "location": "england",
      "created_at": "2021-12-27 06:35:34",
      "updated_at": "2022-01-01 08:56:22",
      "type_id": 2
    },
    {
      "id": 5,
      "name": "Dubai",
      "description": "",
      "price": 12,
      "stars": 5,
      "img": "images/bestplaces/dubai.jfif",
      "location": "gulf",
      "created_at": "2021-12-27 06:35:34",
      "updated_at": "2022-01-01 08:56:22",
      "type_id": 2
    }
  ]
}